clip_name,f0_min,f0_max,f0_mean,intensity_min,intensity_max,intensity_mean,f1_min,f1_max,f1_mean,f2_min,f2_max,f2_mean,f3_min,f3_max,f3_mean,f4_min,f4_max,f4_mean
across_AO1_159.wav,101.03447897867306,104.9987132376579,102.74848424860262,63.65096579522449,63.964229505994446,63.80474714351565,601.8852063396262,682.4361404925346,649.8529523415363,1148.1972567670252,1279.3794439867913,1199.997682355374,2076.33827986595,2397.6044432312597,2262.1149764273528,2860.515800556764,3326.632129099436,3068.1086877466096
actually_AE1_124.wav,90.88293794245322,92.55475962521808,91.79432795714732,53.86852653187886,54.58345346483286,54.22442008666768,481.641118796173,638.3381218906,576.6630387711228,1437.0113959267248,1700.819917184305,1550.3822175534929,2103.716756604515,2271.8844812160933,2180.297555098638,2723.5827292755976,2963.0611177316237,2833.31495069351
actually_AE1_136.wav,90.88293794245322,92.55475962521808,91.79432795714732,53.86852653187886,54.58345346483286,54.22442008666768,481.641118796173,638.3381218906,576.6630387711228,1437.0113959267248,1700.819917184305,1550.3822175534929,2103.716756604515,2271.8844812160933,2180.297555098638,2723.5827292755976,2963.0611177316237,2833.31495069351
actually_AE1_59.wav,86.6101312034445,91.31526053055823,88.18322185669835,55.01584120446718,56.68251361271275,55.87840604637188,564.4695996066031,602.8583976601669,582.7697682466955,1651.7585527890733,2053.6262011784615,1844.1878435257906,2103.382597971823,2302.9324651590655,2211.1536310337415,3152.320569643271,3271.2016691846447,3235.96673998307
actually_AE1_64.wav,477.79236334554224,555.3069285567332,517.6761949911531,58.97564006659816,59.919635987028485,59.43425463496919,495.3666905389117,560.3187218467706,533.0332129101663,1601.2100495194927,1876.6671890117184,1702.1073115824288,2315.811163653101,2487.1460408497887,2407.2915968583543,2919.174920672208,3071.479637075648,2978.7773925827682
after_AE1_110.wav,114.01386417524395,117.16774151363622,115.42891531877943,68.79038184641065,70.04857391193796,69.32197352616666,603.6994070942311,713.6923460244788,669.0884863133838,1545.7251430888152,1904.628096004181,1667.7491487247833,2206.8868177250515,2337.1895337607148,2258.7635308410563,2969.1681288846876,3241.7722478048136,3126.5137423987267
all_AO1_152.wav,88.57709970854447,103.20706791887312,93.27505206626286,55.7900585512938,62.470430203276315,60.457540103629285,645.6457974902945,825.5167002294784,747.4396274521756,1195.270158124618,1361.4448012894484,1248.4715226881951,2307.6209334410823,2597.3226762710033,2512.476066748821,3056.5531322498787,3257.4413441058855,3185.2753315811105
all_AO1_153.wav,91.65115220359105,92.64610384314246,92.15813679987146,61.12772880465596,61.44907215583646,61.27423318715601,562.1623935829182,617.0375706987874,601.5900237863726,1012.8318870841057,1251.2364798924414,1120.9367270979253,2262.4399599092835,2427.4026653662177,2375.1418357287384,2935.784440426864,3333.869514491223,3226.6266861103227
all_AO1_197.wav,95.23652272616931,96.54132815329154,95.92801026672538,57.87259072958156,58.43583180120584,58.27994442142261,409.12435145494715,795.5027692313581,683.8435396426999,616.1625209742181,2179.9973902210177,972.4660012422733,2120.4160781645073,3189.128173773927,2373.8366042397934,3103.983303889165,3198.980464984806,3157.182936260426
all_AO1_37.wav,90.23412671566317,105.80786423288869,94.10881665247366,61.86829277968437,66.62167049365894,63.960205299154175,398.64690415237834,773.9740911772093,695.7232430277653,718.9089903350329,1075.9980608965986,836.3673328331903,2470.3297838456956,2610.590581888706,2518.505627432331,3044.264231884059,3367.71419789378,3225.700973422394
all_AO1_71.wav,97.37174188688498,99.70004391946775,98.81773291729947,64.78679479627782,64.9693410914526,64.8700181605478,638.5501846119394,679.5695533143322,652.4093252836161,1047.6513359935277,1311.2613393065437,1141.0504090234717,2288.8719582998656,2589.7949205627215,2459.123872753195,3120.209555698881,3333.148450317784,3197.1134341732322
all_AO1_75.wav,103.10233759066368,109.00463453716701,105.74793738872104,65.0622213440254,65.75955107389032,65.50776491360308,568.135790159572,674.8620971726265,622.0494136728485,1066.912165769045,1116.0180570307782,1106.240847690395,2321.630663613639,2376.701714241323,2352.470117699948,3193.139663714098,3253.6971171366795,3229.2954161454645
also_AO1_21.wav,103.10233759066368,109.00463453716701,105.74793738872104,65.0622213440254,65.75955107389032,65.50776491360308,568.135790159572,674.8620971726265,622.0494136728485,1066.912165769045,1116.0180570307782,1106.240847690395,2321.630663613639,2376.701714241323,2352.470117699948,3193.139663714098,3253.6971171366795,3229.2954161454645
always_AO1_120.wav,103.10233759066368,109.00463453716701,105.74793738872104,65.0622213440254,65.75955107389032,65.50776491360308,568.135790159572,674.8620971726265,622.0494136728485,1066.912165769045,1116.0180570307782,1106.240847690395,2321.630663613639,2376.701714241323,2352.470117699948,3193.139663714098,3253.6971171366795,3229.2954161454645
always_AO1_47.wav,110.36269172833421,115.53352009336076,113.73643783072278,58.103614752805456,59.399895471306,58.85520973724917,506.38746749647675,647.356360304918,582.0980315578804,977.0956669734472,1914.7000481350049,1362.8946516818714,2347.5629443061275,2513.4544509508573,2400.0487017979585,2953.158497911044,3223.0987370543903,3035.016526816763
and_AE1_10.wav,106.4622289324251,120.04507358405499,112.07343012466131,56.7472695251889,57.2370585263139,56.99906505290314,458.8591452316982,487.2209643357848,474.01297046915226,1867.6814376599277,2122.3366546512034,1992.4759750522742,2414.833773713825,2889.4791339187927,2650.2059716274925,3164.2164321107966,3546.368490052505,3375.3050081196634
and_AE1_104.wav,106.4622289324251,120.04507358405499,112.07343012466131,56.7472695251889,57.2370585263139,56.99906505290314,458.8591452316982,487.2209643357848,474.01297046915226,1867.6814376599277,2122.3366546512034,1992.4759750522742,2414.833773713825,2889.4791339187927,2650.2059716274925,3164.2164321107966,3546.368490052505,3375.3050081196634
and_AE1_107.wav,106.4622289324251,120.04507358405499,112.07343012466131,56.7472695251889,57.2370585263139,56.99906505290314,458.8591452316982,487.2209643357848,474.01297046915226,1867.6814376599277,2122.3366546512034,1992.4759750522742,2414.833773713825,2889.4791339187927,2650.2059716274925,3164.2164321107966,3546.368490052505,3375.3050081196634
and_AE1_122.wav,106.4622289324251,120.04507358405499,112.07343012466131,56.7472695251889,57.2370585263139,56.99906505290314,458.8591452316982,487.2209643357848,474.01297046915226,1867.6814376599277,2122.3366546512034,1992.4759750522742,2414.833773713825,2889.4791339187927,2650.2059716274925,3164.2164321107966,3546.368490052505,3375.3050081196634
and_AE1_137.wav,106.4622289324251,120.04507358405499,112.07343012466131,56.7472695251889,57.2370585263139,56.99906505290314,458.8591452316982,487.2209643357848,474.01297046915226,1867.6814376599277,2122.3366546512034,1992.4759750522742,2414.833773713825,2889.4791339187927,2650.2059716274925,3164.2164321107966,3546.368490052505,3375.3050081196634
and_AE1_14.wav,136.73225333704298,144.83781176618032,141.1891061459962,64.90208237499188,66.05324868772848,65.51569624955575,435.5892571748517,453.2179407105746,442.16648000122115,1850.6053285685518,1945.316003431567,1905.9090938101806,2683.7868691331987,2846.2847291043313,2733.585993012978,3388.265749363111,3510.53669387115,3453.8404153709585
and_AE1_143.wav,136.73225333704298,144.83781176618032,141.1891061459962,64.90208237499188,66.05324868772848,65.51569624955575,435.5892571748517,453.2179407105746,442.16648000122115,1850.6053285685518,1945.316003431567,1905.9090938101806,2683.7868691331987,2846.2847291043313,2733.585993012978,3388.265749363111,3510.53669387115,3453.8404153709585
and_AE1_146.wav,136.73225333704298,144.83781176618032,141.1891061459962,64.90208237499188,66.05324868772848,65.51569624955575,435.5892571748517,453.2179407105746,442.16648000122115,1850.6053285685518,1945.316003431567,1905.9090938101806,2683.7868691331987,2846.2847291043313,2733.585993012978,3388.265749363111,3510.53669387115,3453.8404153709585
and_AE1_151.wav,136.73225333704298,144.83781176618032,141.1891061459962,64.90208237499188,66.05324868772848,65.51569624955575,435.5892571748517,453.2179407105746,442.16648000122115,1850.6053285685518,1945.316003431567,1905.9090938101806,2683.7868691331987,2846.2847291043313,2733.585993012978,3388.265749363111,3510.53669387115,3453.8404153709585
and_AE1_163.wav,136.73225333704298,144.83781176618032,141.1891061459962,64.90208237499188,66.05324868772848,65.51569624955575,435.5892571748517,453.2179407105746,442.16648000122115,1850.6053285685518,1945.316003431567,1905.9090938101806,2683.7868691331987,2846.2847291043313,2733.585993012978,3388.265749363111,3510.53669387115,3453.8404153709585
and_AE1_165.wav,136.73225333704298,144.83781176618032,141.1891061459962,64.90208237499188,66.05324868772848,65.51569624955575,435.5892571748517,453.2179407105746,442.16648000122115,1850.6053285685518,1945.316003431567,1905.9090938101806,2683.7868691331987,2846.2847291043313,2733.585993012978,3388.265749363111,3510.53669387115,3453.8404153709585
and_AE1_167.wav,136.73225333704298,144.83781176618032,141.1891061459962,64.90208237499188,66.05324868772848,65.51569624955575,435.5892571748517,453.2179407105746,442.16648000122115,1850.6053285685518,1945.316003431567,1905.9090938101806,2683.7868691331987,2846.2847291043313,2733.585993012978,3388.265749363111,3510.53669387115,3453.8404153709585
and_AE1_182.wav,136.73225333704298,144.83781176618032,141.1891061459962,64.90208237499188,66.05324868772848,65.51569624955575,435.5892571748517,453.2179407105746,442.16648000122115,1850.6053285685518,1945.316003431567,1905.9090938101806,2683.7868691331987,2846.2847291043313,2733.585993012978,3388.265749363111,3510.53669387115,3453.8404153709585
and_AE1_188.wav,136.73225333704298,144.83781176618032,141.1891061459962,64.90208237499188,66.05324868772848,65.51569624955575,435.5892571748517,453.2179407105746,442.16648000122115,1850.6053285685518,1945.316003431567,1905.9090938101806,2683.7868691331987,2846.2847291043313,2733.585993012978,3388.265749363111,3510.53669387115,3453.8404153709585
and_AE1_20.wav,136.73225333704298,144.83781176618032,141.1891061459962,64.90208237499188,66.05324868772848,65.51569624955575,435.5892571748517,453.2179407105746,442.16648000122115,1850.6053285685518,1945.316003431567,1905.9090938101806,2683.7868691331987,2846.2847291043313,2733.585993012978,3388.265749363111,3510.53669387115,3453.8404153709585
and_AE1_24.wav,107.90569348174182,108.42226118853429,108.16397733513806,48.97084527623893,54.02475466583191,52.1948742354155,592.6342850757337,630.6486322101332,607.2289466897957,1706.387305543068,1816.1831972386674,1761.0223509432312,2444.4358326108004,2651.9328243365185,2537.9379033303508,3248.098682750747,3320.30065605038,3279.4598816481325
and_AE1_26.wav,107.90569348174182,108.42226118853429,108.16397733513806,48.97084527623893,54.02475466583191,52.1948742354155,592.6342850757337,630.6486322101332,607.2289466897957,1706.387305543068,1816.1831972386674,1761.0223509432312,2444.4358326108004,2651.9328243365185,2537.9379033303508,3248.098682750747,3320.30065605038,3279.4598816481325
and_AE1_29.wav,97.11311798839785,117.15502898397737,100.59895664539414,41.327927422543254,58.108043533299075,56.792953885360234,340.13904260571996,688.7129540820363,471.32479498354246,1509.6525268985056,2113.8762457542234,1850.1090684319797,2199.6774127686576,2696.1897984014995,2499.278178639328,3077.698541265679,3460.419587626414,3286.951501031769
and_AE1_33.wav,97.11311798839785,117.15502898397737,100.59895664539414,41.327927422543254,58.108043533299075,56.792953885360234,340.13904260571996,688.7129540820363,471.32479498354246,1509.6525268985056,2113.8762457542234,1850.1090684319797,2199.6774127686576,2696.1897984014995,2499.278178639328,3077.698541265679,3460.419587626414,3286.951501031769
and_AE1_55.wav,97.11311798839785,117.15502898397737,100.59895664539414,41.327927422543254,58.108043533299075,56.792953885360234,340.13904260571996,688.7129540820363,471.32479498354246,1509.6525268985056,2113.8762457542234,1850.1090684319797,2199.6774127686576,2696.1897984014995,2499.278178639328,3077.698541265679,3460.419587626414,3286.951501031769
and_AE1_72.wav,142.8965635517425,152.0247603844925,147.4357321673925,66.28092106254613,66.51359749537764,66.39881731881272,507.70828756472537,547.4977052674034,528.0595092094707,1607.9733308158982,1770.1799443155207,1699.5365088694482,1839.2102971668523,2180.9594675994663,1972.7900912803198,3095.9925568303224,3162.7936272372062,3130.278890818225
and_AE1_74.wav,99.17310173045598,107.67781021661196,102.4392454840488,50.728873416200095,61.6201241109196,60.086370697353345,508.2588864622629,638.8230375163026,577.0710408328993,1474.9534164085694,1798.2209040634277,1581.0563013061587,2378.7629384784696,2656.937963422495,2506.814257830781,3028.408653364634,3276.5475216238437,3150.38874436734
and_AE1_76.wav,113.40632573612953,119.0655123694674,116.74025557749603,56.8832167484565,59.21115433799556,58.201332980219675,490.6932157090912,582.2612469722786,533.4110974137193,1568.8145788252332,2221.134312743547,1871.5804574563688,2266.67874147968,2629.5178904328804,2381.1277934911895,2958.3139017885633,3227.31256630369,3125.7827476546245
and_AE1_83.wav,101.14403763015198,113.12782335054136,105.43815870579591,46.218031602051646,64.83161763856334,63.11639674605341,452.49461900489695,654.3998381223337,569.1098161178277,1602.495913897001,2087.279683438859,1851.3368078790745,2269.261072087092,2700.7481434922124,2531.027163033758,3228.4084527629957,3461.6778362709097,3299.180137859879
and_AE1_86.wav,115.85782356651923,119.58511238144597,117.7214679739826,45.306798706073934,56.469364160789695,52.64931428878157,486.0012666991241,584.1824326927186,542.9990750632547,1623.0246271054723,1861.692703110434,1740.6420944671054,2235.5802931038015,2363.0006856361924,2287.3274865002036,3084.159795649722,3266.1278104022217,3140.9279019089863
and_AE1_88.wav,106.61710361182465,107.23943475973071,106.92826918577768,57.049781554521005,58.68488254501847,57.94383291494473,669.5774343416155,709.3657444084574,686.8845585496958,1611.9664536943128,1725.1083482873698,1669.706985492468,2363.4259623745897,2408.693104333784,2383.2557539088784,3128.2775975582654,3170.8406166391865,3150.8101984565646
and_AE1_92.wav,91.08062723724623,111.27276365684548,95.75913939847364,55.134489896343766,57.81142740940282,56.52133083958394,377.2229951846307,634.2152252683858,478.02586453420525,1415.795376761176,2177.8701848774717,1854.838564577082,2110.1105648533958,2875.472415144608,2604.3074057226554,3033.7208370006747,3348.201190743605,3214.075262934403
anonymously_AA1_118.wav,90.8211779427995,92.225660853301,91.57598051841485,58.858356542443346,59.71994629028622,59.18065078396856,747.7411354655302,807.1264615738636,777.5417144763974,1305.3121410212646,1394.0153672960182,1344.1675592813067,2208.329201898585,2427.1386454210783,2347.8819105742577,3070.7697902778777,3398.7334411444403,3219.207740417203
anymore_AO1_90.wav,95.13483962349584,96.55181177450025,95.94710440661802,54.82218840137287,55.55745944153114,55.155802992835746,167.94551912990954,619.3442750082398,543.7661530709934,622.191523866679,2181.1071318993327,1899.579527287601,2017.1956449093868,3229.6018642998115,2804.228869750477,3186.9696512782484,3186.9696512782484,3186.9696512782484
arts_AA1_61.wav,95.13483962349584,96.55181177450025,95.94710440661802,54.82218840137287,55.55745944153114,55.155802992835746,167.94551912990954,619.3442750082398,543.7661530709934,622.191523866679,2181.1071318993327,1899.579527287601,2017.1956449093868,3229.6018642998115,2804.228869750477,3186.9696512782484,3186.9696512782484,3186.9696512782484
asshole_AE1_116.wav,--undefined--,--undefined--,--undefined--,55.010073755094645,56.18030442680315,55.6126135026853,501.3026330856911,687.1778925218413,593.8060357252136,1489.405912463298,1938.1316606253722,1650.3991829662289,2347.0434826957594,2453.5872630648955,2399.491018293601,2983.736789341133,3220.3168944076706,3073.28500023272
atmosphere_AE1_149.wav,89.94463667829876,95.07554852242767,91.91729255511446,56.16768554708855,63.096539977258274,60.61330221369629,457.62534545038193,815.3913151070398,646.1600228504125,1587.0359464901212,2067.049233326245,1768.3715483785402,2292.741700523294,2501.9960546259904,2395.960393032093,3013.3786960899897,3278.891934879871,3146.6332386410145
at_AE1_106.wav,89.94463667829876,95.07554852242767,91.91729255511446,56.16768554708855,63.096539977258274,60.61330221369629,457.62534545038193,815.3913151070398,646.1600228504125,1587.0359464901212,2067.049233326245,1768.3715483785402,2292.741700523294,2501.9960546259904,2395.960393032093,3013.3786960899897,3278.891934879871,3146.6332386410145
at_AE1_184.wav,89.94463667829876,95.07554852242767,91.91729255511446,56.16768554708855,63.096539977258274,60.61330221369629,457.62534545038193,815.3913151070398,646.1600228504125,1587.0359464901212,2067.049233326245,1768.3715483785402,2292.741700523294,2501.9960546259904,2395.960393032093,3013.3786960899897,3278.891934879871,3146.6332386410145
at_AE1_34.wav,89.94463667829876,95.07554852242767,91.91729255511446,56.16768554708855,63.096539977258274,60.61330221369629,457.62534545038193,815.3913151070398,646.1600228504125,1587.0359464901212,2067.049233326245,1768.3715483785402,2292.741700523294,2501.9960546259904,2395.960393032093,3013.3786960899897,3278.891934879871,3146.6332386410145
at_AE1_36.wav,89.94463667829876,95.07554852242767,91.91729255511446,56.16768554708855,63.096539977258274,60.61330221369629,457.62534545038193,815.3913151070398,646.1600228504125,1587.0359464901212,2067.049233326245,1768.3715483785402,2292.741700523294,2501.9960546259904,2395.960393032093,3013.3786960899897,3278.891934879871,3146.6332386410145
at_AE1_73.wav,89.94463667829876,95.07554852242767,91.91729255511446,56.16768554708855,63.096539977258274,60.61330221369629,457.62534545038193,815.3913151070398,646.1600228504125,1587.0359464901212,2067.049233326245,1768.3715483785402,2292.741700523294,2501.9960546259904,2395.960393032093,3013.3786960899897,3278.891934879871,3146.6332386410145
at_AE1_85.wav,89.94463667829876,95.07554852242767,91.91729255511446,56.16768554708855,63.096539977258274,60.61330221369629,457.62534545038193,815.3913151070398,646.1600228504125,1587.0359464901212,2067.049233326245,1768.3715483785402,2292.741700523294,2501.9960546259904,2395.960393032093,3013.3786960899897,3278.891934879871,3146.6332386410145
at_AE1_89.wav,89.94463667829876,95.07554852242767,91.91729255511446,56.16768554708855,63.096539977258274,60.61330221369629,457.62534545038193,815.3913151070398,646.1600228504125,1587.0359464901212,2067.049233326245,1768.3715483785402,2292.741700523294,2501.9960546259904,2395.960393032093,3013.3786960899897,3278.891934879871,3146.6332386410145
autobiography_AA1_68.wav,89.94463667829876,95.07554852242767,91.91729255511446,56.16768554708855,63.096539977258274,60.61330221369629,457.62534545038193,815.3913151070398,646.1600228504125,1587.0359464901212,2067.049233326245,1768.3715483785402,2292.741700523294,2501.9960546259904,2395.960393032093,3013.3786960899897,3278.891934879871,3146.6332386410145
autobiography_AO2_67.wav,101.59493391182512,117.48508314526138,106.10817360530274,45.666697769451936,66.0655175428276,61.62008552299881,653.6560969615837,1183.428841623895,799.141077385825,844.2521308253366,2615.525388458303,1288.3966648743974,2297.1858557361697,3089.567803819575,2588.060064928699,3137.016065143993,3257.2742470092926,3204.2056795588096
back_AE1_145.wav,89.54169233156155,96.68457519144135,93.27152290980743,62.9678609284742,63.282909307875805,63.12824129438755,624.6903855112217,675.4367019137667,652.8274819419369,1606.806921471417,1916.8299522384189,1727.118234924062,2295.9370410777833,2343.993878219434,2318.036089660439,3251.676770482638,3325.7165164046396,3297.6982292747925
back_AE1_30.wav,102.12967197639277,102.8237211501411,102.42133076628984,62.67719211204155,63.480231774155975,63.09724648953594,553.499119384332,599.8202393808086,579.5257479091885,1486.8584762111245,1682.8992600150557,1567.9923004278985,2058.623747537915,2089.8593764145035,2069.98458427977,3093.408602160928,3238.5152704842903,3162.918403388106
ball_AO1_54.wav,88.34577774225639,99.82889983854135,92.42243467302515,62.00018632381835,65.29386979886074,63.78607209792578,601.3577075561656,813.9732001041043,725.1846342020067,738.6775837486981,975.6746875341289,829.7546904264514,2310.549745563066,2671.594490399883,2505.4178278361455,3224.478218764813,3563.430992018024,3321.942267778695
because_AA1_140.wav,174.3359828178987,182.70181447203905,177.47482596931317,74.25853450812727,76.74504674282406,75.67736553513534,527.1923536901464,605.2294652108177,566.7273449386593,1620.3963554139436,1730.7844525061219,1670.8733966915102,2473.2321317678143,2533.957955909306,2497.0703425657557,2906.466755214783,3203.622215337378,3026.6469500919966
before_AO1_102.wav,174.3359828178987,182.70181447203905,177.47482596931317,74.25853450812727,76.74504674282406,75.67736553513534,527.1923536901464,605.2294652108177,566.7273449386593,1620.3963554139436,1730.7844525061219,1670.8733966915102,2473.2321317678143,2533.957955909306,2497.0703425657557,2906.466755214783,3203.622215337378,3026.6469500919966
bobbing_AA1_56.wav,92.96579508098428,102.31869881031372,95.7251661356417,63.43528846242655,65.65021930726013,64.46319804970736,693.3682113531928,814.2204357902307,767.1479622840342,1197.097940558636,1267.1149439883695,1224.1245289514277,2286.416368339233,2392.4272633128876,2333.11606248142,3361.356055699326,3436.9955610405505,3394.9728101970213
border_AO1_99.wav,92.96579508098428,102.31869881031372,95.7251661356417,63.43528846242655,65.65021930726013,64.46319804970736,693.3682113531928,814.2204357902307,767.1479622840342,1197.097940558636,1267.1149439883695,1224.1245289514277,2286.416368339233,2392.4272633128876,2333.11606248142,3361.356055699326,3436.9955610405505,3394.9728101970213
boss_AA1_135.wav,94.48537924999383,101.23389031448184,97.41950728017503,67.37392165125789,70.10334694480719,68.83944229859951,570.0527224141458,719.8120982092521,643.7311122550057,940.6859055333546,1205.3751548636412,1085.4879648639205,2201.6719120424764,2556.648519145042,2424.5821954987523,3236.966613259855,3368.9863852604135,3285.875679025759
call_AO1_144.wav,94.48537924999383,101.23389031448184,97.41950728017503,67.37392165125789,70.10334694480719,68.83944229859951,570.0527224141458,719.8120982092521,643.7311122550057,940.6859055333546,1205.3751548636412,1085.4879648639205,2201.6719120424764,2556.648519145042,2424.5821954987523,3236.966613259855,3368.9863852604135,3285.875679025759
calming_AA1_49.wav,105.56688492004274,115.64150173593559,109.57275006973404,62.54661188950509,62.68984053155803,62.61881663693384,756.0333662624458,802.3536556046507,779.3987351012998,798.9414526601307,878.5400982284681,833.2028598642488,2672.072248257047,2731.0095921834077,2701.1388429493113,2914.120619269378,3071.48381354789,2999.787155593134
campus_AE1_44.wav,118.3363540243562,133.22953549220853,122.44939454732176,59.286469507402956,60.79381735690667,59.90949204788906,448.9088079796002,644.6372680203632,545.5513362282283,1623.7930440802709,2048.9945721014246,1810.5278074075786,2210.09764769865,2547.977732578558,2471.046347910106,2816.225353476445,3521.3444998456566,3248.471820596969
chicago_AA1_198.wav,94.81244058990362,99.8366624901219,96.59202116584358,55.161167143417465,57.59647808855323,56.703361128966336,576.5951056884173,670.3448739143308,643.6098221193812,1006.9322255066244,1260.8709746905809,1118.1652002285616,2134.726398632058,2495.7939384456236,2288.96137203503,3155.4036108250125,3204.457944321702,3176.5177722067942
class_AE1_112.wav,84.88351257421579,96.25332330681975,89.01230459469467,58.528717386650705,62.33453875405516,60.569035645915704,595.7790701404401,722.3196558908837,647.7686041002105,1271.9748556244322,1642.6943196511288,1521.9100553085616,2230.1655357636596,2393.308938801043,2317.5654552651567,3205.240352623827,3360.7917923120526,3267.129937736304
class_AE1_169.wav,108.82831051238728,120.2733505690695,113.81277649512464,55.932281061638086,62.91205496148261,59.49631883042778,590.1989924609406,661.6091935183264,623.0875125579895,1228.5238437799771,1865.7262355053463,1523.2364585165558,2143.0056246284876,2256.9831735086036,2211.754342858846,3016.1620677269234,3403.651173020028,3154.4785021832877
class_AE1_193.wav,95.56444244952189,109.11567568151284,99.57653153413541,59.72328110430801,61.525298549374284,60.58415319502957,606.6859118472233,697.5543438518316,664.6314803803697,1398.0846652756518,1829.468873897169,1561.029044546383,2169.3082031342956,2367.68964141591,2271.0284884882312,3000.1658085702848,3238.3617088259703,3100.8578015800063
class_AE1_62.wav,90.97678891211834,104.86214345137567,94.34904788549518,57.70998226551888,59.9241007824477,59.05330571283169,592.0213750670695,634.8233610382222,621.4196896486925,1403.6037499442443,2162.303692328039,1698.5791180975418,2178.8810969832343,2337.665789803362,2236.975917170712,2723.282216822388,3257.195245321223,3011.9159624572253
college_AA1_8.wav,127.07484380521544,133.0819000290575,129.10075609390455,56.263474121703645,58.0519356232154,57.347527272913084,571.906142657418,676.4497043166788,610.1718684626287,1139.1216363585822,1369.0674999207222,1225.460878677617,2080.7075498195904,2354.3647426108823,2207.403721526605,3115.373184287795,3260.899573877624,3173.2309698296704
conference_AA1_174.wav,112.30838146516605,119.08159566895462,113.8459390649593,59.32111970034427,59.80036967789388,59.57784049289093,655.2357201787024,760.6545076811906,706.2457483995028,1344.420534721198,1437.3736004726486,1379.2763623405365,2148.343398485014,2285.9813298106756,2209.1788846193263,3286.428709064901,3315.747966215928,3296.481413129535
conference_AA1_176.wav,102.7943337940477,137.36135384729778,112.17694948360852,59.12779680964013,61.93930465887597,60.50257627103123,692.2170917090627,809.4357370491408,749.9920345286081,1156.6101415285489,1258.9210549881454,1205.8072949197283,2023.2272835047277,2194.2109302798794,2121.5474166926247,3020.0221877966815,3200.4264603754123,3110.303792648973
conference_AA1_185.wav,108.62090688557386,118.8548795485548,111.71795068625144,58.9181271395309,59.21621523914798,59.06053633560694,628.2375043722374,760.5081919187375,694.1467559081052,1223.2728507991594,1452.317668464901,1361.572469597164,2147.008919295484,2237.114180513539,2187.5430290763015,3247.0333207197823,3309.262254669529,3287.853653985954
dad_AE1_77.wav,101.0870110194571,111.20228727732065,104.16269360041842,64.87796578537926,66.62763070710453,65.7895087256799,485.37149807058796,591.9927364771445,548.6003426757727,1660.0990849678853,1934.9142204944487,1758.892934616827,2344.283586471469,2385.7236654137855,2372.303151931504,2950.633147585841,3073.5479943253936,2996.8441126591706
fog_AO1_51.wav,94.94835003205097,124.59967037786785,103.67203886138718,61.4817414020701,64.86451709183395,63.29366891783749,628.0670324646075,741.7565482989082,695.4742137848759,782.836620099375,1199.490201699268,1008.9720210072726,2243.557669660191,2504.7026790361315,2418.751649847448,3005.6070345805942,3308.5003458634415,3184.1483063622204
four_AO1_31.wav,94.94835003205097,124.59967037786785,103.67203886138718,61.4817414020701,64.86451709183395,63.29366891783749,628.0670324646075,741.7565482989082,695.4742137848759,782.836620099375,1199.490201699268,1008.9720210072726,2243.557669660191,2504.7026790361315,2418.751649847448,3005.6070345805942,3308.5003458634415,3184.1483063622204
four_AO1_79.wav,98.56973784987169,103.46227514347737,100.28490884241282,62.549813030265156,65.08306676583831,63.57281036295201,489.57062955427836,554.5581839510365,516.9829198871639,318.61878633898107,2220.1183398264884,689.1045995092022,2079.442714133481,3206.572269932434,2263.3662876927133,3268.094399717965,3493.0589732988533,3356.9165653740233
garage_AA1_41.wav,109.93913021228283,116.84819883161214,113.22135754699539,62.81490105843715,64.56117887417588,63.29502491635019,586.3700295275933,675.3112133924761,639.4906165172963,1262.5771311892004,1682.6939976924532,1393.2443241130434,2067.2204767977546,2329.013189898129,2220.756169465994,3068.667514497555,3249.9794131109365,3186.1521253411056
gonna_AA1_38.wav,109.93913021228283,116.84819883161214,113.22135754699539,62.81490105843715,64.56117887417588,63.29502491635019,586.3700295275933,675.3112133924761,639.4906165172963,1262.5771311892004,1682.6939976924532,1393.2443241130434,2067.2204767977546,2329.013189898129,2220.756169465994,3068.667514497555,3249.9794131109365,3186.1521253411056
got_AA1_105.wav,102.64600702702299,103.78148902390537,103.14929311618987,61.116915076401035,61.376674429554456,61.27952304739506,523.0376186833782,562.666964518583,552.5024260913423,1611.8867764586482,1840.1751563230353,1725.7450850256926,2172.6172593315077,2419.0585202791035,2282.648395982746,2860.0790710431843,3036.6590954280946,2920.804387734211
got_AA1_12.wav,92.72954133365518,99.56958014735136,95.31138037188728,60.34178577594781,61.21225984311324,60.78513337283315,578.3636302936658,625.8492337097678,609.8489089793712,1508.3932289319498,2064.403672347258,1757.284852083597,2302.339062966076,2501.962546322636,2369.2617756785257,2912.275955962944,3414.2567639898034,3258.807225069286
got_AA1_121.wav,113.45539320285543,118.7933905067536,114.9326948255648,64.69561043504724,65.37262711652278,65.07457986300938,648.7709735837018,724.5283210484112,692.5745233570667,1433.2713587736073,1707.6550660830133,1498.607988835985,2179.1943068778846,2407.359069800698,2270.523762732399,3149.5758894922706,3259.831661863165,3183.1403135626397
had_AE1_119.wav,113.45539320285543,118.7933905067536,114.9326948255648,64.69561043504724,65.37262711652278,65.07457986300938,648.7709735837018,724.5283210484112,692.5745233570667,1433.2713587736073,1707.6550660830133,1498.607988835985,2179.1943068778846,2407.359069800698,2270.523762732399,3149.5758894922706,3259.831661863165,3183.1403135626397
had_AE1_15.wav,113.45539320285543,118.7933905067536,114.9326948255648,64.69561043504724,65.37262711652278,65.07457986300938,648.7709735837018,724.5283210484112,692.5745233570667,1433.2713587736073,1707.6550660830133,1498.607988835985,2179.1943068778846,2407.359069800698,2270.523762732399,3149.5758894922706,3259.831661863165,3183.1403135626397
had_AE1_172.wav,113.45539320285543,118.7933905067536,114.9326948255648,64.69561043504724,65.37262711652278,65.07457986300938,648.7709735837018,724.5283210484112,692.5745233570667,1433.2713587736073,1707.6550660830133,1498.607988835985,2179.1943068778846,2407.359069800698,2270.523762732399,3149.5758894922706,3259.831661863165,3183.1403135626397
had_AE1_175.wav,113.45539320285543,118.7933905067536,114.9326948255648,64.69561043504724,65.37262711652278,65.07457986300938,648.7709735837018,724.5283210484112,692.5745233570667,1433.2713587736073,1707.6550660830133,1498.607988835985,2179.1943068778846,2407.359069800698,2270.523762732399,3149.5758894922706,3259.831661863165,3183.1403135626397
had_AE1_191.wav,113.45539320285543,118.7933905067536,114.9326948255648,64.69561043504724,65.37262711652278,65.07457986300938,648.7709735837018,724.5283210484112,692.5745233570667,1433.2713587736073,1707.6550660830133,1498.607988835985,2179.1943068778846,2407.359069800698,2270.523762732399,3149.5758894922706,3259.831661863165,3183.1403135626397
had_AE1_28.wav,113.45539320285543,118.7933905067536,114.9326948255648,64.69561043504724,65.37262711652278,65.07457986300938,648.7709735837018,724.5283210484112,692.5745233570667,1433.2713587736073,1707.6550660830133,1498.607988835985,2179.1943068778846,2407.359069800698,2270.523762732399,3149.5758894922706,3259.831661863165,3183.1403135626397
had_AE1_52.wav,113.45539320285543,118.7933905067536,114.9326948255648,64.69561043504724,65.37262711652278,65.07457986300938,648.7709735837018,724.5283210484112,692.5745233570667,1433.2713587736073,1707.6550660830133,1498.607988835985,2179.1943068778846,2407.359069800698,2270.523762732399,3149.5758894922706,3259.831661863165,3183.1403135626397
had_AE1_65.wav,121.89613022389771,124.45708850849071,122.77597007529803,69.73823285194369,70.08570508056495,69.91544312851973,565.3581152754035,595.3884279664763,584.3273501403166,1580.3982561989724,1710.8925909692928,1632.541988349129,2478.479682198337,2557.2396969933843,2525.7860540318966,3291.294879558949,3383.886942674424,3324.9776847594926
hand_AE1_5.wav,103.7497534264608,116.75704821736576,111.15612199554741,53.73862771118561,56.36236368511975,54.948116203945304,359.4656075788714,516.6255478311429,420.89738600309107,1717.7536468814164,2097.2588477361924,1924.169440110149,2059.9744570539797,2460.683701055082,2288.994954720026,3223.8789130296427,3452.99530552767,3297.7209625591745
hanging_AE1_113.wav,--undefined--,--undefined--,--undefined--,45.106258203059376,48.38294438130329,46.31730720343468,469.9590767710727,846.1428908739023,772.3996173035185,1732.7165349050204,1918.2439587934243,1821.2451011300507,2438.377863336297,2841.233421014226,2602.6066891937285,3182.463983482145,3359.281017943184,3297.4414903664897
hanging_AE1_150.wav,--undefined--,--undefined--,--undefined--,45.106258203059376,48.38294438130329,46.31730720343468,469.9590767710727,846.1428908739023,772.3996173035185,1732.7165349050204,1918.2439587934243,1821.2451011300507,2438.377863336297,2841.233421014226,2602.6066891937285,3182.463983482145,3359.281017943184,3297.4414903664897
happened_AE1_100.wav,116.81374339498626,121.73857101037096,118.88759353999293,56.964374011175984,57.58585055443759,57.28621949262581,540.9477315778618,578.8077256997777,561.2204373382458,1478.870668351971,1592.0956335556007,1548.0963806780085,2362.020701777953,2433.3440140070884,2393.862631916925,3299.1126301258128,3398.5446941845316,3334.7658158430495
hard_AA1_18.wav,275.4359148728497,281.27528298709785,278.06505823366587,43.60042096527525,47.59846917348561,45.425728030403135,834.0034282139322,1088.361060385494,913.3718315861479,1073.492648524462,1570.9824454468762,1351.1051591739376,2113.0663630542563,2526.865337553871,2290.282797821342,2967.5204940409453,3309.5488685128958,3126.516791276633
has_AE1_45.wav,275.4359148728497,281.27528298709785,278.06505823366587,43.60042096527525,47.59846917348561,45.425728030403135,834.0034282139322,1088.361060385494,913.3718315861479,1073.492648524462,1570.9824454468762,1351.1051591739376,2113.0663630542563,2526.865337553871,2290.282797821342,2967.5204940409453,3309.5488685128958,3126.516791276633
have_AE1_58.wav,275.4359148728497,281.27528298709785,278.06505823366587,43.60042096527525,47.59846917348561,45.425728030403135,834.0034282139322,1088.361060385494,913.3718315861479,1073.492648524462,1570.9824454468762,1351.1051591739376,2113.0663630542563,2526.865337553871,2290.282797821342,2967.5204940409453,3309.5488685128958,3126.516791276633
having_AE1_187.wav,275.4359148728497,281.27528298709785,278.06505823366587,43.60042096527525,47.59846917348561,45.425728030403135,834.0034282139322,1088.361060385494,913.3718315861479,1073.492648524462,1570.9824454468762,1351.1051591739376,2113.0663630542563,2526.865337553871,2290.282797821342,2967.5204940409453,3309.5488685128958,3126.516791276633
ignored_AO1_157.wav,275.4359148728497,281.27528298709785,278.06505823366587,43.60042096527525,47.59846917348561,45.425728030403135,834.0034282139322,1088.361060385494,913.3718315861479,1073.492648524462,1570.9824454468762,1351.1051591739376,2113.0663630542563,2526.865337553871,2290.282797821342,2967.5204940409453,3309.5488685128958,3126.516791276633
job_AA1_129.wav,87.12183698566692,96.50547664389455,90.78299993374608,58.93378559727288,61.17704595920949,59.97038857125206,517.1395958421174,685.5673469343917,624.1499353876447,1272.429047402376,2029.8656567041614,1498.4869015853337,2225.612857849766,2521.3625643486803,2297.5436666160895,2582.020826000028,3216.94204703466,3006.7193285535905
language_AE1_60.wav,87.12183698566692,96.50547664389455,90.78299993374608,58.93378559727288,61.17704595920949,59.97038857125206,517.1395958421174,685.5673469343917,624.1499353876447,1272.429047402376,2029.8656567041614,1498.4869015853337,2225.612857849766,2521.3625643486803,2297.5436666160895,2582.020826000028,3216.94204703466,3006.7193285535905
long_AO1_19.wav,109.21461339230007,111.2531371044696,110.10066171897458,59.882688073993585,60.1023966359346,59.96403010476247,654.3750803219655,808.1140702100375,734.8046131153325,809.8053646541562,1015.3228312971473,920.9544342029885,2304.420071794684,2376.6184887925588,2348.5075454821645,3161.7143022993846,3244.921802145131,3217.097529908572
long_AO1_25.wav,96.95196896546355,100.11842941073152,98.68162853140083,58.54398413361985,58.99691220842306,58.77635001147972,528.5112375733406,793.852723579352,658.3964110623699,844.3867577368519,1180.6634651081902,944.7836762108843,2124.40103200342,2185.4654485474416,2153.73495955201,3038.7523861073614,3340.274776774907,3194.4842431211164
lot_AA1_132.wav,94.78333073528285,114.42297858573187,103.60399137386463,66.20584606394583,68.63939233856013,67.32828965702767,659.8463214338769,763.8943451639924,709.2853418997393,1066.31894240538,1426.3949162136823,1246.9312006238747,2357.9215449686485,2504.28590947949,2462.4277228442024,2815.4909538768475,3044.1326860934596,2916.209820102343
lot_AA1_183.wav,94.78333073528285,114.42297858573187,103.60399137386463,66.20584606394583,68.63939233856013,67.32828965702767,659.8463214338769,763.8943451639924,709.2853418997393,1066.31894240538,1426.3949162136823,1246.9312006238747,2357.9215449686485,2504.28590947949,2462.4277228442024,2815.4909538768475,3044.1326860934596,2916.209820102343
lot_AA1_50.wav,105.49591466476897,112.1921263938261,108.77892169436716,67.73185839141853,68.73933243510251,68.35099552515116,717.7261963147045,756.2052497923173,740.2856222732514,908.7319990441839,1238.6880939235293,1115.6701434074787,2413.868751444693,2488.6982071027296,2443.5821273255465,2986.642394555105,3075.1441697800883,3021.084607416599
majority_AO1_128.wav,105.49591466476897,112.1921263938261,108.77892169436716,67.73185839141853,68.73933243510251,68.35099552515116,717.7261963147045,756.2052497923173,740.2856222732514,908.7319990441839,1238.6880939235293,1115.6701434074787,2413.868751444693,2488.6982071027296,2443.5821273255465,2986.642394555105,3075.1441697800883,3021.084607416599
math_AE1_173.wav,105.49591466476897,112.1921263938261,108.77892169436716,67.73185839141853,68.73933243510251,68.35099552515116,717.7261963147045,756.2052497923173,740.2856222732514,908.7319990441839,1238.6880939235293,1115.6701434074787,2413.868751444693,2488.6982071027296,2443.5821273255465,2986.642394555105,3075.1441697800883,3021.084607416599
math_AE1_22.wav,--undefined--,--undefined--,--undefined--,53.601137555869336,55.315426439152596,54.36892806943314,548.7490823946381,756.0947751214894,663.1834615479934,1352.0488198580294,1611.0308160872678,1506.4671585877898,2069.1049839042607,2513.3252306713466,2318.251113805373,2717.6543057400395,3227.324560239498,3025.0850723534127
more_AO1_178.wav,104.13802535567852,105.49823179854882,104.7026534311801,65.3396860654526,65.81531986134671,65.57025350189177,543.589100119513,620.1852413697557,582.3940009565297,592.8793334595046,2306.7009012410444,1109.9620354009655,2126.39233456224,3085.243847162481,2444.3926735462596,3068.803930392263,3111.2021214389324,3092.1031228830243
morning_AO1_1.wav,104.13802535567852,105.49823179854882,104.7026534311801,65.3396860654526,65.81531986134671,65.57025350189177,543.589100119513,620.1852413697557,582.3940009565297,592.8793334595046,2306.7009012410444,1109.9620354009655,2126.39233456224,3085.243847162481,2444.3926735462596,3068.803930392263,3111.2021214389324,3092.1031228830243
morning_AO1_32.wav,104.13802535567852,105.49823179854882,104.7026534311801,65.3396860654526,65.81531986134671,65.57025350189177,543.589100119513,620.1852413697557,582.3940009565297,592.8793334595046,2306.7009012410444,1109.9620354009655,2126.39233456224,3085.243847162481,2444.3926735462596,3068.803930392263,3111.2021214389324,3092.1031228830243
morning_AO1_78.wav,104.13802535567852,105.49823179854882,104.7026534311801,65.3396860654526,65.81531986134671,65.57025350189177,543.589100119513,620.1852413697557,582.3940009565297,592.8793334595046,2306.7009012410444,1109.9620354009655,2126.39233456224,3085.243847162481,2444.3926735462596,3068.803930392263,3111.2021214389324,3092.1031228830243
northwestern_AO2_43.wav,104.13802535567852,105.49823179854882,104.7026534311801,65.3396860654526,65.81531986134671,65.57025350189177,543.589100119513,620.1852413697557,582.3940009565297,592.8793334595046,2306.7009012410444,1109.9620354009655,2126.39233456224,3085.243847162481,2444.3926735462596,3068.803930392263,3111.2021214389324,3092.1031228830243
not_AA1_126.wav,108.29426568809694,112.14388081298131,110.21829421488255,62.16928957197683,62.47366735424286,62.32414447899703,664.6292014108241,709.9085265157798,687.2884874663605,1453.3132548592332,1673.804347094464,1520.0170216910085,2363.19985887418,2477.5007969300646,2408.1254613625033,3066.763807597697,3193.123871595876,3154.6591424922
not_AA1_35.wav,105.27069437591456,106.18467715304887,105.86135880259098,69.46408539770098,69.49878291563759,69.48146880811547,530.3286225969287,533.4691848571551,532.1731926495249,1535.2475325023452,1601.239106008849,1566.381543739119,2294.924873159602,2377.00857583953,2330.0325292745156,2828.468699656778,2871.6195499141627,2848.543961625891
not_AA1_81.wav,93.43166035839094,95.92655982278653,95.07748932148387,53.04151630471164,54.8242340123415,54.10672107666956,654.0053911850933,826.6349274812959,742.6395061402767,1287.7022424652466,1562.1979124042825,1382.9483211105126,2381.562822332293,2485.2796722126577,2421.459096451643,3282.186606231495,3387.6541548045,3322.2380646269194
on_AA1_13.wav,122.2173684878179,128.93067826531183,125.06942607103674,61.88454118991514,62.64022243788592,62.3157292191883,562.6129883635972,671.5449855595963,617.5257068751372,1298.4931517685088,2103.961773901141,1440.4694384272445,2184.8092751669747,2374.424026631629,2272.7044014139974,2628.6172778692808,3127.6823026249167,2945.9515347415418
on_AA1_16.wav,122.2173684878179,128.93067826531183,125.06942607103674,61.88454118991514,62.64022243788592,62.3157292191883,562.6129883635972,671.5449855595963,617.5257068751372,1298.4931517685088,2103.961773901141,1440.4694384272445,2184.8092751669747,2374.424026631629,2272.7044014139974,2628.6172778692808,3127.6823026249167,2945.9515347415418
on_AA1_161.wav,122.2173684878179,128.93067826531183,125.06942607103674,61.88454118991514,62.64022243788592,62.3157292191883,562.6129883635972,671.5449855595963,617.5257068751372,1298.4931517685088,2103.961773901141,1440.4694384272445,2184.8092751669747,2374.424026631629,2272.7044014139974,2628.6172778692808,3127.6823026249167,2945.9515347415418
on_AA1_181.wav,122.2173684878179,128.93067826531183,125.06942607103674,61.88454118991514,62.64022243788592,62.3157292191883,562.6129883635972,671.5449855595963,617.5257068751372,1298.4931517685088,2103.961773901141,1440.4694384272445,2184.8092751669747,2374.424026631629,2272.7044014139974,2628.6172778692808,3127.6823026249167,2945.9515347415418
on_AA1_195.wav,122.2173684878179,128.93067826531183,125.06942607103674,61.88454118991514,62.64022243788592,62.3157292191883,562.6129883635972,671.5449855595963,617.5257068751372,1298.4931517685088,2103.961773901141,1440.4694384272445,2184.8092751669747,2374.424026631629,2272.7044014139974,2628.6172778692808,3127.6823026249167,2945.9515347415418
on_AA1_4.wav,122.2173684878179,128.93067826531183,125.06942607103674,61.88454118991514,62.64022243788592,62.3157292191883,562.6129883635972,671.5449855595963,617.5257068751372,1298.4931517685088,2103.961773901141,1440.4694384272445,2184.8092751669747,2374.424026631629,2272.7044014139974,2628.6172778692808,3127.6823026249167,2945.9515347415418
on_AA1_70.wav,122.2173684878179,128.93067826531183,125.06942607103674,61.88454118991514,62.64022243788592,62.3157292191883,562.6129883635972,671.5449855595963,617.5257068751372,1298.4931517685088,2103.961773901141,1440.4694384272445,2184.8092751669747,2374.424026631629,2272.7044014139974,2628.6172778692808,3127.6823026249167,2945.9515347415418
on_AA1_98.wav,128.38531185161133,137.70121740690522,131.9977808611508,54.82768940204334,62.146046395725676,59.64919047782502,607.4465009345171,699.3116445577102,657.0222857298893,1273.967171346279,1486.3064559775553,1394.648835176078,2149.8969153807193,2236.027849681704,2196.2676630511296,3190.3090649188434,3330.0051495716175,3266.2903615310556
on_AO1_42.wav,128.38531185161133,137.70121740690522,131.9977808611508,54.82768940204334,62.146046395725676,59.64919047782502,607.4465009345171,699.3116445577102,657.0222857298893,1273.967171346279,1486.3064559775553,1394.648835176078,2149.8969153807193,2236.027849681704,2196.2676630511296,3190.3090649188434,3330.0051495716175,3266.2903615310556
opposite_AA1_162.wav,97.08825800865323,99.2745697046721,97.97259871327388,62.225647336590974,63.63093011038768,62.9166173779808,818.4556000642149,1181.4095291866288,1001.6434220349503,1067.8203919064515,1321.478082663114,1188.3943076639111,2415.1046458212313,2505.95316032813,2449.429380677971,3035.6732423488775,3290.5834730074193,3173.971812695594
or_AO1_114.wav,97.08825800865323,99.2745697046721,97.97259871327388,62.225647336590974,63.63093011038768,62.9166173779808,818.4556000642149,1181.4095291866288,1001.6434220349503,1067.8203919064515,1321.478082663114,1188.3943076639111,2415.1046458212313,2505.95316032813,2449.429380677971,3035.6732423488775,3290.5834730074193,3173.971812695594
or_AO1_196.wav,97.08825800865323,99.2745697046721,97.97259871327388,62.225647336590974,63.63093011038768,62.9166173779808,818.4556000642149,1181.4095291866288,1001.6434220349503,1067.8203919064515,1321.478082663114,1188.3943076639111,2415.1046458212313,2505.95316032813,2449.429380677971,3035.6732423488775,3290.5834730074193,3173.971812695594
or_AO1_63.wav,97.08825800865323,99.2745697046721,97.97259871327388,62.225647336590974,63.63093011038768,62.9166173779808,818.4556000642149,1181.4095291866288,1001.6434220349503,1067.8203919064515,1321.478082663114,1188.3943076639111,2415.1046458212313,2505.95316032813,2449.429380677971,3035.6732423488775,3290.5834730074193,3173.971812695594
ours_AA1_190.wav,97.08825800865323,99.2745697046721,97.97259871327388,62.225647336590974,63.63093011038768,62.9166173779808,818.4556000642149,1181.4095291866288,1001.6434220349503,1067.8203919064515,1321.478082663114,1188.3943076639111,2415.1046458212313,2505.95316032813,2449.429380677971,3035.6732423488775,3290.5834730074193,3173.971812695594
our_AA1_134.wav,97.08825800865323,99.2745697046721,97.97259871327388,62.225647336590974,63.63093011038768,62.9166173779808,818.4556000642149,1181.4095291866288,1001.6434220349503,1067.8203919064515,1321.478082663114,1188.3943076639111,2415.1046458212313,2505.95316032813,2449.429380677971,3035.6732423488775,3290.5834730074193,3173.971812695594
parking_AA1_40.wav,97.08825800865323,99.2745697046721,97.97259871327388,62.225647336590974,63.63093011038768,62.9166173779808,818.4556000642149,1181.4095291866288,1001.6434220349503,1067.8203919064515,1321.478082663114,1188.3943076639111,2415.1046458212313,2505.95316032813,2449.429380677971,3035.6732423488775,3290.5834730074193,3173.971812695594
probably_AA1_3.wav,93.57367953889748,96.28031157882819,94.4541724873195,61.3411082392549,61.40319988488828,61.37226502766586,712.3184800396733,771.1869304570163,733.3116010079337,1176.0455036769415,1349.698452810314,1260.5576672814984,2148.1633843238737,2282.9150020930265,2205.4759062855146,2976.8553202646863,3117.7725523068125,3045.175483236582
project_AA1_66.wav,101.89067971993171,105.3659749301456,103.27475389174825,64.73759928929671,66.32466465679637,65.55116941739203,629.5188582525196,722.8057143006668,692.8566640591156,1306.2801109196646,1422.2783088121193,1356.7719138834009,2266.0003857446545,2377.496407671225,2322.41182283867,3031.84009816022,3134.0678777646367,3092.5782993590005
quarter_AO1_94.wav,128.16046025675573,135.5924503526767,131.2678623600208,64.97747567530348,65.58448934681527,65.29157918212141,442.39204817589035,474.8528798967933,457.9096884271904,395.4230436387878,2048.5774355161384,1113.438942720576,1764.0007879321915,3292.763818616702,2439.203158644293,3229.9367883845334,3303.6782758813947,3263.965602824541
quarter_AO1_97.wav,128.16046025675573,135.5924503526767,131.2678623600208,64.97747567530348,65.58448934681527,65.29157918212141,442.39204817589035,474.8528798967933,457.9096884271904,395.4230436387878,2048.5774355161384,1113.438942720576,1764.0007879321915,3292.763818616702,2439.203158644293,3229.9367883845334,3303.6782758813947,3263.965602824541
relaxed_AE1_186.wav,105.23432547806763,111.87442828676771,107.07425776442814,54.951964208590915,56.339102922541244,55.54809010742286,629.5211029023078,680.8597761792253,658.597790570609,1370.394462671096,1544.689108613444,1467.3445008191645,2208.9282047716415,2434.630056345259,2289.3777629018145,3315.734720280645,3362.943583731452,3339.425427725485
restaurants_AA2_177.wav,--undefined--,--undefined--,--undefined--,52.70296762211928,55.418341344325874,54.39593397310463,598.2273075324089,1144.8898163275699,848.1804958995954,1025.571875795246,2054.759694313012,1382.437069045599,1941.554559200732,2946.472830294339,2371.809226827208,2724.280686214914,3171.836269040737,2884.199718989147
romantically_AE1_91.wav,95.12479881249322,104.4404495568187,99.55349199304976,57.4174945379099,59.61899437842249,58.609581835821885,476.0227606169209,535.4367542727285,507.9363287805557,1507.7993028558528,2063.9872578723725,1768.5430157856558,2111.746654862406,2316.626510605599,2228.196889257958,2730.101437279436,3217.152911525357,2914.418537518754
salad_AE1_142.wav,86.35561373294338,91.74550315964323,88.42494600215545,59.44234155294316,61.785020108889874,60.73357253917592,549.4734743293114,704.197103346391,622.0760295752598,1508.7463761300583,1848.9668846148409,1647.366760890123,2282.061677839908,2522.7517218054963,2409.990334426773,3209.3502229303517,3343.5535010466433,3290.58122053966
sat_AE1_160.wav,86.35561373294338,91.74550315964323,88.42494600215545,59.44234155294316,61.785020108889874,60.73357253917592,549.4734743293114,704.197103346391,622.0760295752598,1508.7463761300583,1848.9668846148409,1647.366760890123,2282.061677839908,2522.7517218054963,2409.990334426773,3209.3502229303517,3343.5535010466433,3290.58122053966
scholarship_AA1_125.wav,86.35561373294338,91.74550315964323,88.42494600215545,59.44234155294316,61.785020108889874,60.73357253917592,549.4734743293114,704.197103346391,622.0760295752598,1508.7463761300583,1848.9668846148409,1647.366760890123,2282.061677839908,2522.7517218054963,2409.990334426773,3209.3502229303517,3343.5535010466433,3290.58122053966
scholarship_AA1_9.wav,--undefined--,--undefined--,--undefined--,57.75710757795955,58.837290666791134,58.330695988320954,658.2642467165242,738.0391182622394,689.7027423431277,1257.2850477102454,1479.7990142163758,1365.079753752732,2130.940109124927,2294.94596819528,2226.4016539205522,3051.2649156652187,3315.0681466292403,3150.0207162857214
sophomore_AA1_6.wav,102.28387276745042,107.1870880072792,104.60747615760674,60.67279375432018,64.20357560413046,62.97344909670133,535.1155367680593,813.6745922343098,707.6517023629691,814.0170939909473,1136.6238453160763,974.1357225631482,2425.211519214927,2518.0991307480954,2476.6364195851324,2962.7584997678755,3406.6841245095397,3188.1109043257106
sophomore_AO2_7.wav,102.28387276745042,107.1870880072792,104.60747615760674,60.67279375432018,64.20357560413046,62.97344909670133,535.1155367680593,813.6745922343098,707.6517023629691,814.0170939909473,1136.6238453160763,974.1357225631482,2425.211519214927,2518.0991307480954,2476.6364195851324,2962.7584997678755,3406.6841245095397,3188.1109043257106
sorority_AO1_130.wav,91.47940608217327,92.19697504209017,91.77574623722711,59.8228342039911,60.36326350701066,60.10144971013128,471.1270871921615,508.4646188709511,489.8664779144218,951.6256148239722,1083.5162643943875,1026.9671056347283,1914.480489048235,3206.455928462492,2553.830036217253,3200.3611275315175,3324.341069264814,3259.863933194732
sorority_AO1_139.wav,91.47940608217327,92.19697504209017,91.77574623722711,59.8228342039911,60.36326350701066,60.10144971013128,471.1270871921615,508.4646188709511,489.8664779144218,951.6256148239722,1083.5162643943875,1026.9671056347283,1914.480489048235,3206.455928462492,2553.830036217253,3200.3611275315175,3324.341069264814,3259.863933194732
sort_AO1_158.wav,91.47940608217327,92.19697504209017,91.77574623722711,59.8228342039911,60.36326350701066,60.10144971013128,471.1270871921615,508.4646188709511,489.8664779144218,951.6256148239722,1083.5162643943875,1026.9671056347283,1914.480489048235,3206.455928462492,2553.830036217253,3200.3611275315175,3324.341069264814,3259.863933194732
started_AA1_96.wav,91.47940608217327,92.19697504209017,91.77574623722711,59.8228342039911,60.36326350701066,60.10144971013128,471.1270871921615,508.4646188709511,489.8664779144218,951.6256148239722,1083.5162643943875,1026.9671056347283,1914.480489048235,3206.455928462492,2553.830036217253,3200.3611275315175,3324.341069264814,3259.863933194732
strong_AO1_171.wav,91.47940608217327,92.19697504209017,91.77574623722711,59.8228342039911,60.36326350701066,60.10144971013128,471.1270871921615,508.4646188709511,489.8664779144218,951.6256148239722,1083.5162643943875,1026.9671056347283,1914.480489048235,3206.455928462492,2553.830036217253,3200.3611275315175,3324.341069264814,3259.863933194732
talents_AE1_138.wav,108.57220424754263,120.7364470401458,112.02396056143802,66.14528301129116,68.151820486269,67.44343466877325,570.942222987257,653.1685875248937,611.5525558509902,1684.7430862884291,1960.03979384618,1829.4610685804819,2283.432531252725,2453.1277697798687,2373.2224010707637,3005.2310338891057,3279.288002143615,3141.1318034328206
talk_AO1_155.wav,108.57220424754263,120.7364470401458,112.02396056143802,66.14528301129116,68.151820486269,67.44343466877325,570.942222987257,653.1685875248937,611.5525558509902,1684.7430862884291,1960.03979384618,1829.4610685804819,2283.432531252725,2453.1277697798687,2373.2224010707637,3005.2310338891057,3279.288002143615,3141.1318034328206
talk_AO1_164.wav,99.48395619774878,104.2778233641037,100.77652059710508,60.15799175169101,61.68573788001357,60.845811650084556,613.0032150620132,741.9059667133491,686.7855920418202,1034.4038915301774,1261.270646368555,1130.9759439359593,1963.1126549685935,2276.365157831707,2132.9187664114197,3130.5857391708887,3288.844799258197,3199.5880260274316
talk_AO1_194.wav,112.85605119460737,122.38645755625772,116.75559141947835,67.23834494537114,69.38714856624692,68.57005436112138,652.4838253894687,695.8947405477738,676.3247688077063,1156.146777710194,1308.7920411634555,1238.5791718919095,2131.254990680136,2277.298294703234,2221.5832395782936,3129.6911191612826,3226.4466663960097,3185.4813468687257
than_AE1_179.wav,112.85605119460737,122.38645755625772,116.75559141947835,67.23834494537114,69.38714856624692,68.57005436112138,652.4838253894687,695.8947405477738,676.3247688077063,1156.146777710194,1308.7920411634555,1238.5791718919095,2131.254990680136,2277.298294703234,2221.5832395782936,3129.6911191612826,3226.4466663960097,3185.4813468687257
that's_AE1_80.wav,112.85605119460737,122.38645755625772,116.75559141947835,67.23834494537114,69.38714856624692,68.57005436112138,652.4838253894687,695.8947405477738,676.3247688077063,1156.146777710194,1308.7920411634555,1238.5791718919095,2131.254990680136,2277.298294703234,2221.5832395782936,3129.6911191612826,3226.4466663960097,3185.4813468687257
that_AE1_103.wav,136.26675019895325,148.57249743441736,143.0708724198016,60.00515905560015,68.81376257161703,64.36095050915642,469.5211111821108,671.5589288744538,600.0326089085589,1367.2015381852757,1613.4899711523135,1489.8814498544423,2259.1031414650092,2444.4577824158177,2378.5212432829608,3191.6172196643033,3520.166410081761,3385.2371883575497
that_AE1_11.wav,95.80273996436378,97.22896427833957,96.49962039354781,61.245798626699816,62.58350020590815,61.77304302545424,578.8872982920061,647.8249225026603,625.2937557829989,1613.8448900865003,1681.4921937797178,1651.4220367354123,2391.869061887176,2502.8640065944232,2429.6607317241924,3054.795311148671,3257.4970079963778,3177.710783397931
that_AE1_111.wav,96.85736594414028,103.22311293431747,98.87178162941936,65.1034230923672,67.10054322105024,66.18261001069119,520.1885031131595,622.3603662400578,585.99444260608,1397.5809025602668,1550.8593713126043,1475.349749118756,2306.5508306750908,2382.2958011132573,2342.6593432094364,3149.253409693185,3288.7150120461356,3247.498937606448
that_AE1_131.wav,102.83767710282383,104.06916141067578,103.32536554227269,53.922711810522586,56.66270439226792,55.62217352850749,507.92024385943563,566.9227392268335,538.519018870679,1437.1633385024406,1642.1466555732884,1518.6104184764524,2414.213432441522,2478.7740053257244,2440.229131212372,3265.503620766061,3457.113895501526,3380.1947739941406
that_AE1_156.wav,102.83767710282383,104.06916141067578,103.32536554227269,53.922711810522586,56.66270439226792,55.62217352850749,507.92024385943563,566.9227392268335,538.519018870679,1437.1633385024406,1642.1466555732884,1518.6104184764524,2414.213432441522,2478.7740053257244,2440.229131212372,3265.503620766061,3457.113895501526,3380.1947739941406
that_AE1_168.wav,102.83767710282383,104.06916141067578,103.32536554227269,53.922711810522586,56.66270439226792,55.62217352850749,507.92024385943563,566.9227392268335,538.519018870679,1437.1633385024406,1642.1466555732884,1518.6104184764524,2414.213432441522,2478.7740053257244,2440.229131212372,3265.503620766061,3457.113895501526,3380.1947739941406
that_AE1_170.wav,102.83767710282383,104.06916141067578,103.32536554227269,53.922711810522586,56.66270439226792,55.62217352850749,507.92024385943563,566.9227392268335,538.519018870679,1437.1633385024406,1642.1466555732884,1518.6104184764524,2414.213432441522,2478.7740053257244,2440.229131212372,3265.503620766061,3457.113895501526,3380.1947739941406
that_AE1_189.wav,102.83767710282383,104.06916141067578,103.32536554227269,53.922711810522586,56.66270439226792,55.62217352850749,507.92024385943563,566.9227392268335,538.519018870679,1437.1633385024406,1642.1466555732884,1518.6104184764524,2414.213432441522,2478.7740053257244,2440.229131212372,3265.503620766061,3457.113895501526,3380.1947739941406
that_AE1_199.wav,111.81838275406061,126.80249034129227,120.2846544761117,55.17130670063076,55.67581637344633,55.42382110114324,536.4067095252009,609.39396693643,572.713922884312,1454.3066448735972,1532.9329518172021,1492.9598550470048,2143.5819256987584,2171.4401361137952,2153.9280023962647,3303.2616274086413,3364.6010177780954,3326.448462342528
that_AE1_27.wav,111.81838275406061,126.80249034129227,120.2846544761117,55.17130670063076,55.67581637344633,55.42382110114324,536.4067095252009,609.39396693643,572.713922884312,1454.3066448735972,1532.9329518172021,1492.9598550470048,2143.5819256987584,2171.4401361137952,2153.9280023962647,3303.2616274086413,3364.6010177780954,3326.448462342528
that_AE1_69.wav,111.81838275406061,126.80249034129227,120.2846544761117,55.17130670063076,55.67581637344633,55.42382110114324,536.4067095252009,609.39396693643,572.713922884312,1454.3066448735972,1532.9329518172021,1492.9598550470048,2143.5819256987584,2171.4401361137952,2153.9280023962647,3303.2616274086413,3364.6010177780954,3326.448462342528
that_AE1_84.wav,133.4921676412792,134.46292071015623,133.87791248704744,70.1992189176184,70.59574166412652,70.43068642633753,582.3233654105367,611.0886781776837,596.2641051612181,1608.1422409487752,1997.2586908156534,1737.271263981162,2356.3293191959415,2405.597084564609,2383.8176388501474,3292.746007215172,3451.6407340828114,3359.7436653413733
that_AE1_87.wav,133.4921676412792,134.46292071015623,133.87791248704744,70.1992189176184,70.59574166412652,70.43068642633753,582.3233654105367,611.0886781776837,596.2641051612181,1608.1422409487752,1997.2586908156534,1737.271263981162,2356.3293191959415,2405.597084564609,2383.8176388501474,3292.746007215172,3451.6407340828114,3359.7436653413733
thought_AO1_93.wav,131.46394194700764,494.23676341776195,204.50633226124245,49.06906123344897,70.90542951562114,64.65850877856654,424.73499940331345,608.8861284977647,529.627785841406,999.7310340024312,1336.1532245380567,1154.325599872002,2082.7448684622764,2580.1368792660787,2380.94278321419,3191.869687183478,3527.078591851634,3354.5229243251815
top_AA1_46.wav,114.96374027719312,118.17576851564229,115.94160867103547,58.28299998776667,59.8245141107832,59.2394184688402,599.9296810426281,667.5963010991462,628.7336281154446,1238.0550108738241,1275.3203199094316,1256.8176493063013,2325.9039615383904,2566.10364436598,2441.327234339801,3183.3219055417703,3446.7542995793056,3326.351348694303
undergraduate_AE1_166.wav,114.96374027719312,118.17576851564229,115.94160867103547,58.28299998776667,59.8245141107832,59.2394184688402,599.9296810426281,667.5963010991462,628.7336281154446,1238.0550108738241,1275.3203199094316,1256.8176493063013,2325.9039615383904,2566.10364436598,2441.327234339801,3183.3219055417703,3446.7542995793056,3326.351348694303
vast_AE1_127.wav,119.7873993517491,131.50329722528267,124.50671871142627,67.40728870785189,71.43035079708211,69.53120466318819,487.97048024485287,546.1310546341815,522.5035718421524,1611.2434217481984,1870.991155154357,1694.0557553626875,2217.5755132347217,2420.829626996973,2315.3016072939076,3017.5946244579422,3372.670191011446,3186.0502326051633
wanted_AO1_141.wav,119.7873993517491,131.50329722528267,124.50671871142627,67.40728870785189,71.43035079708211,69.53120466318819,487.97048024485287,546.1310546341815,522.5035718421524,1611.2434217481984,1870.991155154357,1694.0557553626875,2217.5755132347217,2420.829626996973,2315.3016072939076,3017.5946244579422,3372.670191011446,3186.0502326051633
want_AA1_101.wav,119.7873993517491,131.50329722528267,124.50671871142627,67.40728870785189,71.43035079708211,69.53120466318819,487.97048024485287,546.1310546341815,522.5035718421524,1611.2434217481984,1870.991155154357,1694.0557553626875,2217.5755132347217,2420.829626996973,2315.3016072939076,3017.5946244579422,3372.670191011446,3186.0502326051633
want_AA1_154.wav,119.7873993517491,131.50329722528267,124.50671871142627,67.40728870785189,71.43035079708211,69.53120466318819,487.97048024485287,546.1310546341815,522.5035718421524,1611.2434217481984,1870.991155154357,1694.0557553626875,2217.5755132347217,2420.829626996973,2315.3016072939076,3017.5946244579422,3372.670191011446,3186.0502326051633
want_AA1_180.wav,119.7873993517491,131.50329722528267,124.50671871142627,67.40728870785189,71.43035079708211,69.53120466318819,487.97048024485287,546.1310546341815,522.5035718421524,1611.2434217481984,1870.991155154357,1694.0557553626875,2217.5755132347217,2420.829626996973,2315.3016072939076,3017.5946244579422,3372.670191011446,3186.0502326051633
want_AA1_95.wav,119.7873993517491,131.50329722528267,124.50671871142627,67.40728870785189,71.43035079708211,69.53120466318819,487.97048024485287,546.1310546341815,522.5035718421524,1611.2434217481984,1870.991155154357,1694.0557553626875,2217.5755132347217,2420.829626996973,2315.3016072939076,3017.5946244579422,3372.670191011446,3186.0502326051633
wasn't_AA1_17.wav,103.3561355011317,104.264020092391,103.83339190567797,64.59300541733118,65.02452135143477,64.81412062075341,513.6383260311551,565.5171767410976,535.9113303256373,616.2296484273637,2532.9845363709223,1884.9382097954804,2434.6891724830402,3306.7577832243524,2907.2486736935507,3196.180335185289,3237.093031707175,3216.6366834462324
wasn't_AA1_53.wav,103.3561355011317,104.264020092391,103.83339190567797,64.59300541733118,65.02452135143477,64.81412062075341,513.6383260311551,565.5171767410976,535.9113303256373,616.2296484273637,2532.9845363709223,1884.9382097954804,2434.6891724830402,3306.7577832243524,2907.2486736935507,3196.180335185289,3237.093031707175,3216.6366834462324
was_AA1_123.wav,145.38387680972556,162.13597481852153,156.11947186874036,64.37995922808722,66.72894645145841,65.80495498552148,435.63182746057413,584.4918606105261,537.8936007285074,546.105793132086,2320.5705156885233,1027.5876477113636,2351.3774222813736,2960.176074590287,2539.2057850886963,3025.8905001977055,3186.767226994615,3087.514523807868
watched_AA1_48.wav,101.99279464656563,106.15990923360816,103.97387833055632,59.76390848553176,60.17488282178593,59.94104250467519,678.7593392778687,786.4850537447678,726.6161387183415,797.627136080218,1383.5589434354977,1157.8280960223192,2127.240402151544,2232.132284662712,2181.991280941498,2942.1095192500006,3098.8826784162434,3020.7797888973705
watch_AA1_39.wav,125.65281653366684,126.03263277202007,125.81110282489605,70.58771065868937,70.63495955639011,70.61139936253886,727.3181754438604,914.0323174014854,857.0526092698965,904.6734981908701,2266.7840365427337,1813.9761658889704,2235.570030433617,3223.630744853553,2771.2846301838035,3070.333416711346,3115.426625438794,3092.88002107507
water_AO1_57.wav,86.4834448807011,92.40979505811465,89.87518636750495,57.489453070321545,60.05442946219998,58.82901451038865,616.1205482919969,791.1339623136232,706.7448241679502,831.5298014119873,1129.3569045962413,1005.7239833256292,2364.4507861770085,2483.922367824878,2424.9216992393535,3197.5546084495186,3469.3979129473864,3316.4658755345686
wrong_AO1_115.wav,171.44532410162753,190.318563827703,182.9267696700842,64.5768475328973,65.93382955985278,65.38499545469575,526.8201824990763,675.3379852225715,601.3016965140205,920.2985008958276,1099.5892976288692,1022.0450747417941,2236.345625881897,2561.506274021092,2361.6226929573168,2977.237331883833,3122.7782620796347,3056.0818874386323
yeah_AE1_108.wav,99.29414901122878,142.88516969281008,114.91513320771065,46.66453231277615,63.065196133952234,58.516377675873656,461.2390341213995,742.1505989369552,574.5934896034477,1084.1376785706339,2059.226978601093,1529.29326248241,2208.630758763217,2498.489403720315,2361.3896144326113,2916.8613000187383,3741.6595006477914,3318.5505147023023
yeah_AE1_109.wav,104.14938107620564,114.73306821976026,109.80787166465146,58.75273399102693,59.17838650120086,58.97077294153676,502.4839324885943,561.1460107785286,530.5560863684752,1865.128804585217,2035.7247819740603,1954.4729736742804,2413.9945168131735,2552.680766426741,2470.158713735432,2970.3209764738085,3104.178924175687,3038.4306455508113
yeah_AE1_117.wav,84.80977093722584,105.98198341389396,92.92495976735695,46.53571354370081,60.74897679262019,57.09474671915328,432.8310038682059,685.5945199158101,572.445497016754,1352.0390651140658,1911.8896958649182,1579.8870165080605,2207.5190185079136,2527.6932481699773,2337.2296534093625,2948.8224556628115,3523.0001295373195,3249.1942841872733
yeah_AE1_133.wav,99.94115264494967,105.38887015138339,102.35476287573641,66.21531337796773,66.43737018613567,66.32776086109197,543.4046617586084,588.705484704848,567.2101448112678,1713.9904793769429,1991.8255695543814,1883.528684143113,2341.258902715141,2483.292135796838,2416.945038698028,3185.597628571324,3234.3954217171226,3212.8692753343907
yeah_AE1_147.wav,79.50476297680271,101.16002954530875,89.43961924371055,50.94934647565423,57.599118348964986,54.209594819164515,151.0632094837156,1280.2041983749145,732.2390004634904,1019.7636520249846,2272.303167583871,1655.6224132689176,2073.4903952173427,3335.224267843315,2562.33723454941,2851.8198377259955,3251.216215462226,3073.667629664579
yeah_AE1_148.wav,121.7915199223564,131.7626933748466,128.39773022929276,74.60012649034609,75.29424354087428,74.96103755599404,545.1440588726791,605.4795516034958,562.3344138795735,1630.666317563838,2108.635619993154,1820.735530047908,2244.1259661587173,2411.458217010105,2316.5165860797015,3237.4948304176382,3391.6798861317916,3297.7068294499463
yeah_AE1_192.wav,--undefined--,--undefined--,--undefined--,54.78079040619999,57.13253187185014,56.113939397274414,458.34958955515907,599.9660207448333,540.9865229211975,1477.062921144391,1743.1620301597466,1628.6698202320881,2313.0534783874546,2443.1552790882874,2372.8417465748244,2829.539959975821,3194.895678465748,2996.0850636187924
yeah_AE1_2.wav,87.52152624653232,148.63870712350266,118.08011668501749,44.29142678778451,60.05682015252817,55.13649119019503,596.2927762918845,1223.2165134141912,870.3427241803673,1105.273407475758,2253.0543238769387,1504.8276256761578,2248.158170532688,3686.8722869868025,2514.0588479136136,3074.705491990309,3624.9323609392713,3376.243574033285
yeah_AE1_23.wav,--undefined--,--undefined--,--undefined--,52.48296890724984,54.25032226982918,53.2406210300794,520.5321755328844,656.9912280600507,570.2681055924738,1217.6964591676565,1569.3017597152211,1408.0370369195555,2170.1278938575515,2397.010505847833,2270.3618695390446,2944.435453976281,3064.6705094963877,3010.737459106192
yeah_AE1_82.wav,120.66218398064589,132.99715421243747,125.92147910398192,64.19888562428977,65.62739404634146,64.90093878262572,491.46377216607533,766.1214928264578,669.7931614995573,1376.6694560462222,2019.155535614218,1607.7552735857448,2258.3651933128326,2550.7762759497946,2382.966137488352,3087.324820255068,3684.0178563958493,3363.005869347637
